{
  "mode": "table3",
  "num_cases": 138,
  "samples_per_case": 20,
  "report_hours": [
    6,
    12,
    18,
    24,
    30,
    36,
    42,
    48,
    54,
    60,
    66,
    72
  ],
  "overall_mean_error_km": 468.50164794921875,
  "error_by_hour": {
    "6h": {
      "mean_km": 294.2372741699219,
      "std_km": 1867.3321533203125
    },
    "12h": {
      "mean_km": 236.22373962402344,
      "std_km": 976.6329345703125
    },
    "18h": {
      "mean_km": 281.3341369628906,
      "std_km": 1009.2855834960938
    },
    "24h": {
      "mean_km": 482.9364929199219,
      "std_km": 2085.286865234375
    },
    "30h": {
      "mean_km": 353.35302734375,
      "std_km": 1100.4471435546875
    },
    "36h": {
      "mean_km": 390.5131530761719,
      "std_km": 1109.0445556640625
    },
    "42h": {
      "mean_km": 426.66827392578125,
      "std_km": 1099.07958984375
    },
    "48h": {
      "mean_km": 486.8275451660156,
      "std_km": 1076.3232421875
    },
    "54h": {
      "mean_km": 601.1979370117188,
      "std_km": 1160.7794189453125
    },
    "60h": {
      "mean_km": 657.8287963867188,
      "std_km": 1215.4185791015625
    },
    "66h": {
      "mean_km": 687.787353515625,
      "std_km": 1235.704345703125
    },
    "72h": {
      "mean_km": 723.1123046875,
      "std_km": 1241.0181884765625
    }
  }
}