{
  "mode": "table2",
  "num_cases": 108,
  "samples_per_case": 20,
  "report_hours": [
    6,
    12,
    18,
    24,
    30,
    36,
    42,
    48,
    54,
    60,
    66,
    72
  ],
  "overall_mean_error_km": 463.3762512207031,
  "error_by_hour": {
    "6h": {
      "mean_km": 80.1017074584961,
      "std_km": 114.28129577636719
    },
    "12h": {
      "mean_km": 153.00250244140625,
      "std_km": 307.901611328125
    },
    "18h": {
      "mean_km": 229.6685333251953,
      "std_km": 456.0921630859375
    },
    "24h": {
      "mean_km": 296.4083251953125,
      "std_km": 452.28912353515625
    },
    "30h": {
      "mean_km": 330.9270935058594,
      "std_km": 472.7501525878906
    },
    "36h": {
      "mean_km": 420.165771484375,
      "std_km": 486.4610900878906
    },
    "42h": {
      "mean_km": 474.57208251953125,
      "std_km": 500.076416015625
    },
    "48h": {
      "mean_km": 544.4204711914062,
      "std_km": 530.068603515625
    },
    "54h": {
      "mean_km": 636.4606323242188,
      "std_km": 604.66015625
    },
    "60h": {
      "mean_km": 715.7625122070312,
      "std_km": 625.6004638671875
    },
    "66h": {
      "mean_km": 804.1961669921875,
      "std_km": 679.041259765625
    },
    "72h": {
      "mean_km": 874.8292846679688,
      "std_km": 687.4653930664062
    }
  }
}