{
  "mode": "table2",
  "num_cases": 104,
  "samples_per_case": 20,
  "report_hours": [
    6,
    12,
    18,
    24,
    30,
    36,
    42,
    48,
    54,
    60,
    66,
    72
  ],
  "overall_mean_error_km": 315.1870422363281,
  "error_by_hour": {
    "6h": {
      "mean_km": 29.80674934387207,
      "std_km": 19.016252517700195
    },
    "12h": {
      "mean_km": 64.59012603759766,
      "std_km": 41.907806396484375
    },
    "18h": {
      "mean_km": 118.46114349365234,
      "std_km": 65.31080627441406
    },
    "24h": {
      "mean_km": 161.72537231445312,
      "std_km": 90.03284454345703
    },
    "30h": {
      "mean_km": 220.59568786621094,
      "std_km": 124.71550750732422
    },
    "36h": {
      "mean_km": 293.4417419433594,
      "std_km": 172.852294921875
    },
    "42h": {
      "mean_km": 355.5220031738281,
      "std_km": 224.0216522216797
    },
    "48h": {
      "mean_km": 402.8295593261719,
      "std_km": 260.9579162597656
    },
    "54h": {
      "mean_km": 441.8203125,
      "std_km": 290.3246154785156
    },
    "60h": {
      "mean_km": 494.4903869628906,
      "std_km": 330.82977294921875
    },
    "66h": {
      "mean_km": 556.711181640625,
      "std_km": 372.14013671875
    },
    "72h": {
      "mean_km": 642.2503051757812,
      "std_km": 426.9130554199219
    }
  }
}