{
  "mode": "table3",
  "num_cases": 1,
  "samples_per_case": 20,
  "report_hours": [
    6,
    12,
    18,
    24,
    30,
    36,
    42,
    48,
    54,
    60,
    66,
    72
  ],
  "overall_mean_error_km": 101.61077117919922,
  "error_by_hour": {
    "6h": {
      "mean_km": 38.9836311340332,
      "std_km": 0.0
    },
    "12h": {
      "mean_km": 70.62692260742188,
      "std_km": 0.0
    },
    "18h": {
      "mean_km": 104.47370147705078,
      "std_km": 0.0
    },
    "24h": {
      "mean_km": 120.99612426757812,
      "std_km": 0.0
    },
    "30h": {
      "mean_km": 55.60172653198242,
      "std_km": 0.0
    },
    "36h": {
      "mean_km": 61.526954650878906,
      "std_km": 0.0
    },
    "42h": {
      "mean_km": 58.23564147949219,
      "std_km": 0.0
    },
    "48h": {
      "mean_km": 209.18275451660156,
      "std_km": 0.0
    },
    "54h": {
      "mean_km": 155.36521911621094,
      "std_km": 0.0
    },
    "60h": {
      "mean_km": 31.27809715270996,
      "std_km": 0.0
    },
    "66h": {
      "mean_km": 139.7389373779297,
      "std_km": 0.0
    },
    "72h": {
      "mean_km": 173.31959533691406,
      "std_km": 0.0
    }
  }
}