{
  "mode": "table3",
  "num_cases": 62,
  "samples_per_case": 20,
  "report_hours": [
    48,
    54,
    60,
    66,
    72
  ],
  "overall_mean_error_km": 315.7314758300781,
  "error_by_hour": {
    "48h": {
      "mean_km": 218.36865234375,
      "std_km": 196.95852661132812
    },
    "54h": {
      "mean_km": 290.46392822265625,
      "std_km": 271.8699035644531
    },
    "60h": {
      "mean_km": 333.8468933105469,
      "std_km": 318.6098937988281
    },
    "66h": {
      "mean_km": 357.9089050292969,
      "std_km": 338.1708679199219
    },
    "72h": {
      "mean_km": 378.069091796875,
      "std_km": 367.1673889160156
    }
  }
}