{
  "mode": "table2",
  "num_cases": 108,
  "samples_per_case": 20,
  "report_hours": [
    6,
    12,
    18,
    24,
    30,
    36,
    42,
    48,
    54,
    60,
    66,
    72
  ],
  "overall_mean_error_km": 431.64013671875,
  "error_by_hour": {
    "6h": {
      "mean_km": 47.36750411987305,
      "std_km": 117.889404296875
    },
    "12h": {
      "mean_km": 146.18377685546875,
      "std_km": 304.8330993652344
    },
    "18h": {
      "mean_km": 223.54443359375,
      "std_km": 466.643310546875
    },
    "24h": {
      "mean_km": 248.23594665527344,
      "std_km": 468.50860595703125
    },
    "30h": {
      "mean_km": 326.6451721191406,
      "std_km": 455.75115966796875
    },
    "36h": {
      "mean_km": 403.98187255859375,
      "std_km": 453.1771545410156
    },
    "42h": {
      "mean_km": 439.5368957519531,
      "std_km": 476.9021301269531
    },
    "48h": {
      "mean_km": 511.7759704589844,
      "std_km": 520.94482421875
    },
    "54h": {
      "mean_km": 599.77880859375,
      "std_km": 597.9191284179688
    },
    "60h": {
      "mean_km": 661.2854614257812,
      "std_km": 604.3490600585938
    },
    "66h": {
      "mean_km": 740.3945922851562,
      "std_km": 629.6903076171875
    },
    "72h": {
      "mean_km": 830.9515380859375,
      "std_km": 627.697509765625
    }
  }
}