{
  "mode": "table2",
  "num_cases": 62,
  "samples_per_case": 20,
  "report_hours": [
    48,
    54,
    60,
    66,
    72
  ],
  "overall_mean_error_km": 595.9286499023438,
  "error_by_hour": {
    "48h": {
      "mean_km": 472.683349609375,
      "std_km": 313.7881774902344
    },
    "54h": {
      "mean_km": 522.2322387695312,
      "std_km": 353.6935119628906
    },
    "60h": {
      "mean_km": 583.6859741210938,
      "std_km": 386.28668212890625
    },
    "66h": {
      "mean_km": 656.2786254882812,
      "std_km": 448.61767578125
    },
    "72h": {
      "mean_km": 744.7632446289062,
      "std_km": 511.9485778808594
    }
  }
}