{
  "mode": "table2",
  "num_cases": 108,
  "samples_per_case": 20,
  "report_hours": [
    6,
    12,
    18,
    24,
    30,
    36,
    42,
    48,
    54,
    60,
    66,
    72
  ],
  "overall_mean_error_km": 485.00848388671875,
  "error_by_hour": {
    "6h": {
      "mean_km": 66.17649841308594,
      "std_km": 98.10608673095703
    },
    "12h": {
      "mean_km": 162.80496215820312,
      "std_km": 313.0624084472656
    },
    "18h": {
      "mean_km": 222.47625732421875,
      "std_km": 462.4728088378906
    },
    "24h": {
      "mean_km": 273.1613464355469,
      "std_km": 459.6661376953125
    },
    "30h": {
      "mean_km": 327.5335998535156,
      "std_km": 476.97808837890625
    },
    "36h": {
      "mean_km": 468.4183349609375,
      "std_km": 485.19036865234375
    },
    "42h": {
      "mean_km": 509.27459716796875,
      "std_km": 495.6565856933594
    },
    "48h": {
      "mean_km": 576.4229736328125,
      "std_km": 519.3082275390625
    },
    "54h": {
      "mean_km": 677.346435546875,
      "std_km": 589.0670166015625
    },
    "60h": {
      "mean_km": 773.1578979492188,
      "std_km": 615.8699951171875
    },
    "66h": {
      "mean_km": 852.5637817382812,
      "std_km": 668.1685180664062
    },
    "72h": {
      "mean_km": 910.7655639648438,
      "std_km": 685.8443603515625
    }
  }
}