{
  "mode": "table3",
  "num_cases": 62,
  "samples_per_case": 20,
  "report_hours": [
    6,
    12,
    18,
    24,
    30,
    36,
    42,
    48,
    54,
    60,
    66,
    72
  ],
  "overall_mean_error_km": 187.2781219482422,
  "error_by_hour": {
    "6h": {
      "mean_km": 42.59212112426758,
      "std_km": 29.109580993652344
    },
    "12h": {
      "mean_km": 64.38509368896484,
      "std_km": 58.994930267333984
    },
    "18h": {
      "mean_km": 76.96297454833984,
      "std_km": 81.87743377685547
    },
    "24h": {
      "mean_km": 121.99383544921875,
      "std_km": 93.50021362304688
    },
    "30h": {
      "mean_km": 92.41203308105469,
      "std_km": 76.80744934082031
    },
    "36h": {
      "mean_km": 118.03364562988281,
      "std_km": 100.36937713623047
    },
    "42h": {
      "mean_km": 152.30029296875,
      "std_km": 136.71595764160156
    },
    "48h": {
      "mean_km": 218.36865234375,
      "std_km": 196.95852661132812
    },
    "54h": {
      "mean_km": 290.46392822265625,
      "std_km": 271.8699035644531
    },
    "60h": {
      "mean_km": 333.8468933105469,
      "std_km": 318.6098937988281
    },
    "66h": {
      "mean_km": 357.9089050292969,
      "std_km": 338.1708679199219
    },
    "72h": {
      "mean_km": 378.069091796875,
      "std_km": 367.1673889160156
    }
  }
}