{
  "mode": "table2",
  "num_cases": 62,
  "samples_per_case": 20,
  "report_hours": [
    6,
    12,
    18,
    24,
    30,
    36,
    42,
    48,
    54,
    60,
    66,
    72
  ],
  "overall_mean_error_km": 367.330810546875,
  "error_by_hour": {
    "6h": {
      "mean_km": 38.15096664428711,
      "std_km": 27.03521156311035
    },
    "12h": {
      "mean_km": 77.50890350341797,
      "std_km": 49.84787368774414
    },
    "18h": {
      "mean_km": 133.42715454101562,
      "std_km": 75.10090637207031
    },
    "24h": {
      "mean_km": 174.08018493652344,
      "std_km": 97.64173126220703
    },
    "30h": {
      "mean_km": 242.40296936035156,
      "std_km": 142.5775604248047
    },
    "36h": {
      "mean_km": 340.71441650390625,
      "std_km": 194.77874755859375
    },
    "42h": {
      "mean_km": 422.0420227050781,
      "std_km": 266.2500915527344
    },
    "48h": {
      "mean_km": 472.683349609375,
      "std_km": 313.7881774902344
    },
    "54h": {
      "mean_km": 522.2322387695312,
      "std_km": 353.6935119628906
    },
    "60h": {
      "mean_km": 583.6859741210938,
      "std_km": 386.28668212890625
    },
    "66h": {
      "mean_km": 656.2786254882812,
      "std_km": 448.61767578125
    },
    "72h": {
      "mean_km": 744.7632446289062,
      "std_km": 511.9485778808594
    }
  }
}