{
  "mode": "table3",
  "num_cases": 108,
  "samples_per_case": 20,
  "report_hours": [
    6,
    12,
    18,
    24,
    30,
    36,
    42,
    48,
    54,
    60,
    66,
    72
  ],
  "overall_mean_error_km": 249.25738525390625,
  "error_by_hour": {
    "6h": {
      "mean_km": 48.87215042114258,
      "std_km": 108.49210357666016
    },
    "12h": {
      "mean_km": 103.93589782714844,
      "std_km": 304.6826477050781
    },
    "18h": {
      "mean_km": 153.2481231689453,
      "std_km": 461.6641540527344
    },
    "24h": {
      "mean_km": 200.5919647216797,
      "std_km": 457.29510498046875
    },
    "30h": {
      "mean_km": 187.8350830078125,
      "std_km": 473.4813537597656
    },
    "36h": {
      "mean_km": 209.6612548828125,
      "std_km": 484.7939147949219
    },
    "42h": {
      "mean_km": 232.4656982421875,
      "std_km": 485.44580078125
    },
    "48h": {
      "mean_km": 286.31976318359375,
      "std_km": 507.7962951660156
    },
    "54h": {
      "mean_km": 354.8226623535156,
      "std_km": 580.795654296875
    },
    "60h": {
      "mean_km": 377.7755126953125,
      "std_km": 598.3167724609375
    },
    "66h": {
      "mean_km": 403.0552673339844,
      "std_km": 619.9409790039062
    },
    "72h": {
      "mean_km": 432.5052795410156,
      "std_km": 608.2799072265625
    }
  }
}