{
  "metrics": {
    "fm": {
      "rmse": [
        1.1725093126296997,
        1.0730880498886108,
        1.4323734045028687,
        1.292600393295288,
        1.945270299911499,
        2.092519998550415,
        1.6605126857757568,
        1.5345556735992432,
        1.498030424118042
      ],
      "mae": [
        0.9383238554000854,
        0.8641692399978638,
        1.1327033042907715,
        1.0421761274337769,
        1.5960133075714111,
        1.7279261350631714,
        1.0293941497802734,
        0.8725500702857971,
        0.8135589957237244
      ]
    }
  },
  "divergence": {
    "fm": [
      2.1383724212646484,
      1.8978168964385986,
      2.3231515884399414
    ]
  },
  "spectral_slopes": {
    "fm": -3.6798451925371065,
    "gt": -3.908717187169207
  },
  "timing": {
    "fm_seconds": 2.2445151805877686,
    "diff_seconds": 0,
    "fm_per_sample_ms": 33.50022657593684,
    "diff_per_sample_ms": 0
  },
  "num_samples": 67
}